<?xml version="1.0" encoding="utf-8"?>
<SonarProjectConfig xmlns:xsi="http://www.w3.org/2001/XMLSchema-instance" xmlns:xsd="http://www.w3.org/2001/XMLSchema" xmlns="http://www.sonarsource.com/msbuild/analyzer/2021/1">
  <AnalysisConfigPath>C:\Users\danie\source\repos\TestingTest1\GestionProyectos-master\.sonarqube\conf\SonarQubeAnalysisConfig.xml</AnalysisConfigPath>
  <ProjectPath>C:\Users\danie\source\repos\TestingTest1\GestionProyectos-master\GestionProyectos\GestionProyectos.csproj</ProjectPath>
  <FilesToAnalyzePath>C:\Users\danie\source\repos\TestingTest1\GestionProyectos-master\.sonarqube\conf\0\FilesToAnalyze.txt</FilesToAnalyzePath>
  <OutPath>C:\Users\danie\source\repos\TestingTest1\GestionProyectos-master\.sonarqube\out\0</OutPath>
  <ProjectType>Product</ProjectType>
  <TargetFramework>net8.0</TargetFramework>
</SonarProjectConfig>